filename,class
1.jpg,Non_raveling
2.jpg,Raveling
3.jpg,Raveling
4.jpg,Raveling
5.jpg,Raveling
6.jpg,Raveling
7.jpg,Raveling
8.jpg,Raveling
9.jpg,Raveling
10.jpg,Raveling
11.jpg,Non_raveling
12.jpg,Raveling
13.jpg,Raveling
14.jpg,Raveling
15.jpg,Raveling
16.jpg,Raveling
17.jpg,Raveling
18.jpg,Non_raveling
19.jpg,Raveling
20.jpg,Non_raveling
21.jpg,Raveling
22.jpg,Non_raveling
23.jpg,Raveling
24.jpg,Non_raveling
25.jpg,Raveling
26.jpg,Raveling
27.jpg,Raveling
28.jpg,Raveling
29.jpg,Raveling
30.jpg,Raveling
31.jpg,Raveling
32.jpg,Non_raveling
33.jpg,Non_raveling
34.jpg,Raveling
35.jpg,Raveling
36.jpg,Non_raveling
37.jpg,Non_raveling
38.jpg,Raveling
39.jpg,Raveling
40.jpg,Raveling
41.jpg,Raveling
42.jpg,Non_raveling
43.jpg,Raveling
44.jpg,Raveling
45.jpg,Raveling
46.jpg,Raveling
47.jpg,Raveling
48.jpg,Non_raveling
49.jpg,Raveling
50.jpg,Non_raveling
51.jpg,Raveling
52.jpg,Raveling
53.jpg,Raveling
54.jpg,Raveling
55.jpg,Raveling
56.jpg,Raveling
57.jpg,Raveling
58.jpg,Raveling
59.jpg,Raveling
60.jpg,Raveling
61.jpg,Raveling
62.jpg,Raveling
63.jpg,Raveling
64.jpg,Raveling
65.jpg,Raveling
66.jpg,Raveling
67.jpg,Raveling
68.jpg,Raveling
69.jpg,Raveling
70.jpg,Raveling
71.jpg,Non_raveling
72.jpg,Raveling
73.jpg,Raveling
74.jpg,Raveling
75.jpg,Non_raveling
76.jpg,Raveling
77.jpg,Non_raveling
78.jpg,Raveling
79.jpg,Raveling
80.jpg,Raveling
81.jpg,Raveling
82.jpg,Non_raveling
83.jpg,Non_raveling
84.jpg,Raveling
85.jpg,Raveling
86.jpg,Non_raveling
87.jpg,Raveling
88.jpg,Raveling
89.jpg,Raveling
90.jpg,Raveling
91.jpg,Non_raveling
92.jpg,Raveling
93.jpg,Raveling
94.jpg,Raveling
95.jpg,Raveling
96.jpg,Raveling
97.jpg,Raveling
98.jpg,Raveling
99.jpg,Non_raveling
100.jpg,Raveling
101.jpg,Raveling
102.jpg,Raveling
103.jpg,Raveling
104.jpg,Raveling
105.jpg,Non_raveling
106.jpg,Non_raveling
107.jpg,Raveling
108.jpg,Raveling
109.jpg,Raveling
110.jpg,Raveling
111.jpg,Raveling
112.jpg,Raveling
113.jpg,Raveling
114.jpg,Raveling
115.jpg,Non_raveling
116.jpg,Raveling
117.jpg,Raveling
118.jpg,Non_raveling
119.jpg,Raveling
120.jpg,Raveling
121.jpg,Non_raveling
122.jpg,Raveling
123.jpg,Raveling
124.jpg,Raveling
125.jpg,Raveling
126.jpg,Raveling
127.jpg,Raveling
128.jpg,Raveling
129.jpg,Raveling
130.jpg,Raveling
131.jpg,Non_raveling
132.jpg,Non_raveling
133.jpg,Raveling
134.jpg,Non_raveling
135.jpg,Non_raveling
136.jpg,Raveling
137.jpg,Raveling
138.jpg,Raveling
139.jpg,Non_raveling
140.jpg,Raveling
141.jpg,Raveling
142.jpg,Non_raveling
143.jpg,Raveling
144.jpg,Raveling
145.jpg,Raveling
146.jpg,Non_raveling
147.jpg,Raveling
148.jpg,Raveling
149.jpg,Raveling
150.jpg,Raveling
151.jpg,Raveling
152.jpg,Raveling
153.jpg,Non_raveling
154.jpg,Non_raveling
155.jpg,Raveling
156.jpg,Raveling
157.jpg,Raveling
158.jpg,Raveling
159.jpg,Non_raveling
160.jpg,Raveling
161.jpg,Non_raveling
162.jpg,Raveling
163.jpg,Raveling
164.jpg,Raveling
165.jpg,Raveling
166.jpg,Raveling
167.jpg,Raveling
168.jpg,Raveling
169.jpg,Raveling
170.jpg,Raveling
171.jpg,Raveling
172.jpg,Raveling
173.jpg,Raveling
174.jpg,Raveling
175.jpg,Raveling
176.jpg,Raveling
177.jpg,Non_raveling
178.jpg,Raveling
179.jpg,Raveling
180.jpg,Raveling
181.jpg,Raveling
182.jpg,Raveling
183.jpg,Non_raveling
184.jpg,Non_raveling
185.jpg,Raveling
186.jpg,Non_raveling
187.jpg,Raveling
188.jpg,Raveling
189.jpg,Raveling
190.jpg,Raveling
191.jpg,Raveling
192.jpg,Raveling
193.jpg,Raveling
194.jpg,Raveling
195.jpg,Non_raveling
196.jpg,Raveling
197.jpg,Non_raveling
198.jpg,Raveling
199.jpg,Non_raveling
200.jpg,Non_raveling
201.jpg,Raveling
202.jpg,Raveling
203.jpg,Raveling
204.jpg,Raveling
205.jpg,Raveling
206.jpg,Raveling
207.jpg,Non_raveling
208.jpg,Raveling
209.jpg,Raveling
210.jpg,Raveling
211.jpg,Raveling
212.jpg,Raveling
213.jpg,Raveling
214.jpg,Raveling
215.jpg,Raveling
216.jpg,Raveling
217.jpg,Raveling
218.jpg,Raveling
219.jpg,Raveling
220.jpg,Raveling
221.jpg,Raveling
222.jpg,Raveling
223.jpg,Raveling
224.jpg,Raveling
225.jpg,Raveling
226.jpg,Raveling
227.jpg,Raveling
228.jpg,Raveling
229.jpg,Raveling
230.jpg,Raveling
231.jpg,Raveling
232.jpg,Raveling
233.jpg,Raveling
234.jpg,Raveling
235.jpg,Non_raveling
236.jpg,Raveling
237.jpg,Raveling
238.jpg,Non_raveling
239.jpg,Raveling
240.jpg,Raveling
241.jpg,Raveling
242.jpg,Raveling
243.jpg,Raveling
244.jpg,Raveling
245.jpg,Raveling
246.jpg,Raveling
247.jpg,Raveling
248.jpg,Raveling
249.jpg,Raveling
250.jpg,Raveling
251.jpg,Raveling
252.jpg,Raveling
253.jpg,Raveling
254.jpg,Raveling
255.jpg,Raveling
256.jpg,Raveling
257.jpg,Raveling
258.jpg,Raveling
259.jpg,Raveling
260.jpg,Raveling
261.jpg,Raveling
262.jpg,Non_raveling
263.jpg,Raveling
264.jpg,Non_raveling
265.jpg,Raveling
266.jpg,Raveling
267.jpg,Raveling
268.jpg,Raveling
269.jpg,Raveling
270.jpg,Raveling
271.jpg,Raveling
272.jpg,Raveling
273.jpg,Raveling
274.jpg,Raveling
275.jpg,Raveling
276.jpg,Non_raveling
277.jpg,Raveling
278.jpg,Raveling
279.jpg,Raveling
280.jpg,Raveling
281.jpg,Raveling
282.jpg,Raveling
283.jpg,Raveling
284.jpg,Raveling
285.jpg,Raveling
286.jpg,Raveling
287.jpg,Raveling
288.jpg,Raveling
289.jpg,Raveling
290.jpg,Raveling
291.jpg,Non_raveling
292.jpg,Raveling
293.jpg,Non_raveling
294.jpg,Raveling
295.jpg,Raveling
296.jpg,Raveling
297.jpg,Raveling
298.jpg,Raveling
299.jpg,Raveling
300.jpg,Raveling
